{"dist_coeff": [[-0.4327206174618123, 0.0902848346498393, -0.002671973606418737, -0.00023937782540624754, 0.872492920638695]], "reprojection_error": 0.4862658817106493, "camera_matrix": [[936.0816561722972, 0.0, 318.7508567091949], [0.0, 935.4682770209282, 216.3961101578475], [0.0, 0.0, 1.0]]}